会社名,新社名,変更日,変更理由,変更状況,検出文,URL
株式会社エス・イー・シー・ハイテック,変更なし,変更日不明,不明,変更なし,平成27年10月5日から，マイナンバー制度が導入され，国税庁から会社・法人に法人番号（※）が通知されることとなりましたが，商号若しくは名称の変更又は本店若しくは主たる事務所の移転をした会社・法人が，当該変更等に伴う登記手続を行っていない場合には，法人番号の通知書が変更前 ...,https://www.moj.go.jp/MINJI/minji06_00087.html
株式会社三井E&S DU,変更なし,変更日不明,不明,スキップ,2023年10月10日 · 社名変更をする際の手続きは多岐にわたります。個人事業主が自身の裁量で屋号を変更する場合とは異なり、まずは株式総会での決議をするところから始めなくてはなり …,https://www.freee.co.jp/kb/kb-launch/change-trade-name/
株式会社マーブル,変更なし,変更日不明,不明,スキップ,2025年4月23日 · マーブルは、企業が抱えるシステム化、ネットワーク化など様々なITのニーズに、最良のソリューションをご提供します。,https://www.marble-corp.co.jp/
平田機工株式会社,変更なし,変更日不明,不明,変更なし,2025年3月18日 · 会社名が変更になった場合は商号変更（社名変更・名称変更）登記申請が必要です。会社名の変更は会社にとって大きな出来事ですので、変更後は多くの手続きが発生し …,https://corporate.ai-con.lawyer/articles/company-name-change
日本金銭機械株式会社,変更なし,変更日不明,不明,変更なし,日本金銭機械株式会社(JCM)のウェブサイトです。JCMは「世界中のお金を処理する」機械の開発、製造、販売をしています。この独自の技術を基盤として、世界中のお金の法的秩序を保 …,https://www.jcm-hq.co.jp/ja/index.html
株式会社エリジオン,変更なし,変更日不明,不明,変更なし,なし,https://sovagroup.co.jp/media_article/corporate-name-change-registration/
新明和工業株式会社,変更なし,変更日不明,不明,スキップ,,https://www.shinmaywa.co.jp/company/history/
株式会社早川金属工業研究所 ,変更なし,変更日不明,不明,変更なし,なし,https://j-net21.smrj.go.jp/qa/org/Q0038.html
松下電器産業株式会社 ,パナソニック,2008年1月10日,不明,変更あり,松下電器産業は2008年1月10日、会社名を「パナソニック」に変更すると発表した。同社の大坪文雄社長が2008年度の経営方針を説明する席で明らかにした。同時にブランド名も変更す …,https://www.bing.com/ck/a?!&&p=de30849191d8d1b9023620b8c271edd0aa06fe9053067adc10e183f59dd2fdbaJmltdHM9MTc0ODQ3NjgwMA&ptn=3&ver=2&hsh=4&fclid=1d042641-1dfe-6fd3-179f-33bd1c596e97&u=a1aHR0cHM6Ly94dGVjaC5uaWtrZWkuY29tL2l0L2FydGljbGUvTkVXUy8yMDA4MDExMC8yOTA4ODgv&ntb=1
株式会社ネクスト,変更なし,変更日不明,不明,変更なし,このたび弊社は創業10周年を迎えるにあたり、社業のさらなる発展と、皆様と共に「次のフェーズへ進化させていく」という決意を込めて、2024年10月1日より社名を「株式会 …,https://nextjp.co.jp/next_shamei/
株式会社Sky,変更なし,変更日不明,不明,変更なし,2025年4月1日 · 商号変更会社一覧のページ。東京証券取引所、大阪取引所、東京商品取引所等を運営する日本取引所グループ（JPX）のサイトです。 2005年以降に商号変更を行った上場 …,https://www.jpx.co.jp/listing/others/changed/index.html
新明和工業株式会社,変更なし,変更日不明,不明,スキップ,,https://www.shinmaywa.co.jp/company/history/
株式会社早川金属工業研究所 ,変更なし,変更日不明,不明,変更なし,なし,https://j-net21.smrj.go.jp/qa/org/Q0038.html
株式会社ダイテック,変更なし,変更日不明,不明,スキップ,2023年10月10日 · 社名変更をする際の手続きは多岐にわたります。個人事業主が自身の裁量で屋号を変更する場合とは異なり、まずは株式総会での決議をするところから始めなくてはなり …,https://www.freee.co.jp/kb/kb-launch/change-trade-name/
株式会社ダイコーテクノ,、正式には,変更日不明,不明,スキップ,社名は、正式には「商号」といいます。会社設立後に社名（商号）を変えるためには、株主総会で定款変更を決議し、そのうえで法務局に商号変更登記を行うことになります。そして、変 …,https://advisors-freee.jp/article/category/cat-big-04/company-name/8281/
